Tower,Flat Number
Tower A,001
Tower A,002
Tower A,003
Tower A,004
Tower A,101
Tower A,102
Tower A,103
Tower A,104
Tower A,201
Tower A,202
Tower A,203
Tower A,204
Tower A,301
Tower A,302
Tower A,303
Tower A,304
Tower A,401
Tower A,402
Tower A,403
Tower A,404
Tower A,501
Tower A,502
Tower A,503
Tower A,504
Tower A,601
Tower A,602
Tower A,603
Tower A,604
Tower A,701
Tower A,702
Tower A,703
Tower A,704
Tower A,801
Tower A,802
Tower A,803
Tower A,804
Tower A,901
Tower A,902
Tower A,903
Tower A,904
Tower A,1001
Tower A,1002
Tower A,1003
Tower A,1004
Tower A,1101
Tower A,1102
Tower A,1103
Tower A,1104
Tower A,1201
Tower A,1202
Tower A,1203
Tower A,1204
Tower A,1301
Tower A,1302
Tower A,1303
Tower A,1304
Tower B,001
Tower B,002
Tower B,003
Tower B,004
Tower B,101
Tower B,102
Tower B,103
Tower B,104
Tower B,201
Tower B,202
Tower B,203
Tower B,204
Tower B,301
Tower B,302
Tower B,303
Tower B,304
Tower B,401
Tower B,402
Tower B,403
Tower B,404
Tower B,501
Tower B,502
Tower B,503
Tower B,504
Tower B,601
Tower B,602
Tower B,603
Tower B,604
Tower B,701
Tower B,702
Tower B,703
Tower B,704
Tower B,801
Tower B,802
Tower B,803
Tower B,804
Tower B,901
Tower B,902
Tower B,903
Tower B,904
Tower B,1001
Tower B,1002
Tower B,1003
Tower B,1004
Tower B,1101
Tower B,1102
Tower B,1103
Tower B,1104
Tower B,1201
Tower B,1202
Tower B,1203
Tower B,1204
Tower B,1301
Tower B,1302
Tower B,1303
Tower B,1304
Tower C,001
Tower C,002
Tower C,003
Tower C,004
Tower C,101
Tower C,102
Tower C,103
Tower C,104
Tower C,201
Tower C,202
Tower C,203
Tower C,204
Tower C,301
Tower C,302
Tower C,303
Tower C,304
Tower C,401
Tower C,402
Tower C,403
Tower C,404
Tower C,501
Tower C,502
Tower C,503
Tower C,504
Tower C,601
Tower C,602
Tower C,603
Tower C,604
Tower C,701
Tower C,702
Tower C,703
Tower C,704
Tower C,801
Tower C,802
Tower C,803
Tower C,804
Tower C,901
Tower C,902
Tower C,903
Tower C,904
Tower C,1001
Tower C,1002
Tower C,1003
Tower C,1004
Tower C,1101
Tower C,1102
Tower C,1103
Tower C,1104
Tower C,1201
Tower C,1202
Tower C,1203
Tower C,1204
Tower C,1301
Tower C,1302
Tower C,1303
Tower C,1304
Tower D,001
Tower D,002
Tower D,003
Tower D,004
Tower D,101
Tower D,102
Tower D,103
Tower D,104
Tower D,201
Tower D,202
Tower D,203
Tower D,204
Tower D,301
Tower D,302
Tower D,303
Tower D,304
Tower D,401
Tower D,402
Tower D,403
Tower D,404
Tower D,501
Tower D,502
Tower D,503
Tower D,504
Tower D,601
Tower D,602
Tower D,603
Tower D,604
Tower D,701
Tower D,702
Tower D,703
Tower D,704
Tower D,801
Tower D,802
Tower D,803
Tower D,804
Tower D,901
Tower D,902
Tower D,903
Tower D,904
Tower D,1001
Tower D,1002
Tower D,1003
Tower D,1004
Tower D,1101
Tower D,1102
Tower D,1103
Tower D,1104
Tower D,1201
Tower D,1202
Tower D,1203
Tower D,1204
Tower D,1301
Tower D,1302
Tower D,1303
Tower D,1304
Tower E,001
Tower E,002
Tower E,003
Tower E,004
Tower E,101
Tower E,102
Tower E,103
Tower E,104
Tower E,201
Tower E,202
Tower E,203
Tower E,204
Tower E,301
Tower E,302
Tower E,303
Tower E,304
Tower E,401
Tower E,402
Tower E,403
Tower E,404
Tower E,501
Tower E,502
Tower E,503
Tower E,504
Tower E,601
Tower E,602
Tower E,603
Tower E,604
Tower E,701
Tower E,702
Tower E,703
Tower E,704
Tower E,801
Tower E,802
Tower E,803
Tower E,804
Tower E,901
Tower E,902
Tower E,903
Tower E,904
Tower E,1001
Tower E,1002
Tower E,1003
Tower E,1004
Tower E,1101
Tower E,1102
Tower E,1103
Tower E,1104
Tower E,1201
Tower E,1202
Tower E,1203
Tower E,1204
Tower E,1301
Tower E,1302
Tower E,1303
Tower E,1304
Tower J,001
Tower J,002
Tower J,003
Tower J,004
Tower J,101
Tower J,102
Tower J,103
Tower J,104
Tower J,201
Tower J,202
Tower J,203
Tower J,204
Tower J,301
Tower J,302
Tower J,303
Tower J,304
Tower J,401
Tower J,402
Tower J,403
Tower J,404
Tower J,501
Tower J,502
Tower J,503
Tower J,504
Tower J,601
Tower J,602
Tower J,603
Tower J,604
Tower J,701
Tower J,702
Tower J,703
Tower J,704
Tower J,801
Tower J,802
Tower J,803
Tower J,804
Tower J,901
Tower J,902
Tower J,903
Tower J,904
Tower J,1001
Tower J,1002
Tower J,1003
Tower J,1004
Tower J,1101
Tower J,1102
Tower J,1103
Tower J,1104
Tower J,1201
Tower J,1202
Tower J,1203
Tower J,1204
Tower J,1301
Tower J,1302
Tower J,1303
Tower J,1304
Tower K,001
Tower K,002
Tower K,003
Tower K,004
Tower K,101
Tower K,102
Tower K,103
Tower K,104
Tower K,201
Tower K,202
Tower K,203
Tower K,204
Tower K,301
Tower K,302
Tower K,303
Tower K,304
Tower K,401
Tower K,402
Tower K,403
Tower K,404
Tower K,501
Tower K,502
Tower K,503
Tower K,504
Tower K,601
Tower K,602
Tower K,603
Tower K,604
Tower K,701
Tower K,702
Tower K,703
Tower K,704
Tower K,801
Tower K,802
Tower K,803
Tower K,804
Tower K,901
Tower K,902
Tower K,903
Tower K,904
Tower K,1001
Tower K,1002
Tower K,1003
Tower K,1004
Tower K,1101
Tower K,1102
Tower K,1103
Tower K,1104
Tower K,1201
Tower K,1202
Tower K,1203
Tower K,1204
Tower K,1301
Tower K,1302
Tower K,1303
Tower K,1304
Tower L,001
Tower L,002
Tower L,003
Tower L,004
Tower L,101
Tower L,102
Tower L,103
Tower L,104
Tower L,201
Tower L,202
Tower L,203
Tower L,204
Tower L,301
Tower L,302
Tower L,303
Tower L,304
Tower L,401
Tower L,402
Tower L,403
Tower L,404
Tower L,501
Tower L,502
Tower L,503
Tower L,504
Tower L,601
Tower L,602
Tower L,603
Tower L,604
Tower L,701
Tower L,702
Tower L,703
Tower L,704
Tower L,801
Tower L,802
Tower L,803
Tower L,804
Tower L,901
Tower L,902
Tower L,903
Tower L,904
Tower L,1001
Tower L,1002
Tower L,1003
Tower L,1004
Tower L,1101
Tower L,1102
Tower L,1103
Tower L,1104
Tower L,1201
Tower L,1202
Tower L,1203
Tower L,1204
Tower L,1301
Tower L,1302
Tower L,1303
Tower L,1304
Tower M,001
Tower M,002
Tower M,003
Tower M,004
Tower M,101
Tower M,102
Tower M,103
Tower M,104
Tower M,201
Tower M,202
Tower M,203
Tower M,204
Tower M,301
Tower M,302
Tower M,303
Tower M,304
Tower M,401
Tower M,402
Tower M,403
Tower M,404
Tower M,501
Tower M,502
Tower M,503
Tower M,504
Tower M,601
Tower M,602
Tower M,603
Tower M,604
Tower M,701
Tower M,702
Tower M,703
Tower M,704
Tower M,801
Tower M,802
Tower M,803
Tower M,804
Tower M,901
Tower M,902
Tower M,903
Tower M,904
Tower M,1001
Tower M,1002
Tower M,1003
Tower M,1004
Tower M,1101
Tower M,1102
Tower M,1103
Tower M,1104
Tower M,1201
Tower M,1202
Tower M,1203
Tower M,1204
Tower M,1301
Tower M,1302
Tower M,1303
Tower M,1304
Tower N,001
Tower N,002
Tower N,003
Tower N,004
Tower N,101
Tower N,102
Tower N,103
Tower N,104
Tower N,201
Tower N,202
Tower N,203
Tower N,204
Tower N,301
Tower N,302
Tower N,303
Tower N,304
Tower N,401
Tower N,402
Tower N,403
Tower N,404
Tower N,501
Tower N,502
Tower N,503
Tower N,504
Tower N,601
Tower N,602
Tower N,603
Tower N,604
Tower N,701
Tower N,702
Tower N,703
Tower N,704
Tower N,801
Tower N,802
Tower N,803
Tower N,804
Tower N,901
Tower N,902
Tower N,903
Tower N,904
Tower N,1001
Tower N,1002
Tower N,1003
Tower N,1004
Tower N,1101
Tower N,1102
Tower N,1103
Tower N,1104
Tower N,1201
Tower N,1202
Tower N,1203
Tower N,1204
Tower N,1301
Tower N,1302
Tower N,1303
Tower N,1304
Tower P,001
Tower P,002
Tower P,003
Tower P,004
Tower P,101
Tower P,102
Tower P,103
Tower P,104
Tower P,201
Tower P,202
Tower P,203
Tower P,204
Tower P,301
Tower P,302
Tower P,303
Tower P,304
Tower P,401
Tower P,402
Tower P,403
Tower P,404
Tower P,501
Tower P,502
Tower P,503
Tower P,504
Tower P,601
Tower P,602
Tower P,603
Tower P,604
Tower P,701
Tower P,702
Tower P,703
Tower P,704
Tower P,801
Tower P,802
Tower P,803
Tower P,804
Tower P,901
Tower P,902
Tower P,903
Tower P,904
Tower P,1001
Tower P,1002
Tower P,1003
Tower P,1004
Tower P,1101
Tower P,1102
Tower P,1103
Tower P,1104
Tower P,1201
Tower P,1202
Tower P,1203
Tower P,1204
Tower P,1301
Tower P,1302
Tower P,1303
Tower P,1304
Tower Q,001
Tower Q,002
Tower Q,003
Tower Q,004
Tower Q,101
Tower Q,102
Tower Q,103
Tower Q,104
Tower Q,201
Tower Q,202
Tower Q,203
Tower Q,204
Tower Q,301
Tower Q,302
Tower Q,303
Tower Q,304
Tower Q,401
Tower Q,402
Tower Q,403
Tower Q,404
Tower Q,501
Tower Q,502
Tower Q,503
Tower Q,504
Tower Q,601
Tower Q,602
Tower Q,603
Tower Q,604
Tower Q,701
Tower Q,702
Tower Q,703
Tower Q,704
Tower Q,801
Tower Q,802
Tower Q,803
Tower Q,804
Tower Q,901
Tower Q,902
Tower Q,903
Tower Q,904
Tower Q,1001
Tower Q,1002
Tower Q,1003
Tower Q,1004
Tower Q,1101
Tower Q,1102
Tower Q,1103
Tower Q,1104
Tower Q,1201
Tower Q,1202
Tower Q,1203
Tower Q,1204
Tower Q,1301
Tower Q,1302
Tower Q,1303
Tower Q,1304
Tower R,001
Tower R,002
Tower R,003
Tower R,004
Tower R,101
Tower R,102
Tower R,103
Tower R,104
Tower R,201
Tower R,202
Tower R,203
Tower R,204
Tower R,301
Tower R,302
Tower R,303
Tower R,304
Tower R,401
Tower R,402
Tower R,403
Tower R,404
Tower R,501
Tower R,502
Tower R,503
Tower R,504
Tower R,601
Tower R,602
Tower R,603
Tower R,604
Tower R,701
Tower R,702
Tower R,703
Tower R,704
Tower R,801
Tower R,802
Tower R,803
Tower R,804
Tower R,901
Tower R,902
Tower R,903
Tower R,904
Tower R,1001
Tower R,1002
Tower R,1003
Tower R,1004
Tower R,1101
Tower R,1102
Tower R,1103
Tower R,1104
Tower R,1201
Tower R,1202
Tower R,1203
Tower R,1204
Tower R,1301
Tower R,1302
Tower R,1303
Tower R,1304
