block,floor,unit,unit_id,unit_type,parent_unit,verified,note
?,?,LAUNDRY,?-LAUNDRY,non_residential,,observed,block not identified
?,?,N-A,?-N-A,non_residential,,observed,block not identified
?,?,ROOM-5,?-ROOM-5,non_residential,,observed,block not identified
?,?,UG-01,?-UG-01,non_residential,,observed,block not identified
?,?,UG-02,?-UG-02,non_residential,,observed,block not identified
?,?,UG-03,?-UG-03,non_residential,,observed,block not identified
?,?,UG-04,?-UG-04,non_residential,,observed,block not identified
P1,0,001,P1-001,flat,,observed,
P1,0,002,P1-002,flat,,observed,
P1,0,003,P1-003,flat,,observed,003 has no registered resident
P1,0,004,P1-004,flat,,observed,
P1,0,005,P1-005,flat,,observed,
P1,0,006,P1-006,flat,,observed,
P1,0,007,P1-007,flat,,observed,
P1,0,008,P1-008,flat,,observed,
P1,0,009,P1-009,flat,,observed,
P1,0,010,P1-010,flat,,observed,
P1,0,CASA-Villa-03,P1-CASA-Villa-03,villa,,observed,
P1,0,Casa-Villa-04,P1-Casa-Villa-04,villa,,observed,
P1,0,Casa-Villa-07,P1-Casa-Villa-07,villa,,observed,
P1,1,101,P1-101,flat,,observed,
P1,1,102,P1-102,flat,,observed,
P1,1,103,P1-103,flat,,observed,
P1,1,104,P1-104,flat,,observed,
P1,1,105,P1-105,flat,,observed,
P1,1,106,P1-106,flat,,observed,
P1,1,107,P1-107,flat,,observed,
P1,1,108,P1-108,flat,,observed,
P1,1,109,P1-109,flat,,observed,
P1,1,110,P1-110,flat,,observed,
P1,1,111,P1-111,flat,,observed,
P1,2,201,P1-201,flat,,observed,
P1,2,202,P1-202,flat,,observed,
P1,2,203,P1-203,flat,,observed,
P1,2,204,P1-204,flat,,observed,
P1,2,205,P1-205,flat,,observed,
P1,2,206,P1-206,flat,,observed,
P1,2,207,P1-207,flat,,observed,in directory but ABSENT from Add Home picker
P1,2,208,P1-208,flat,,observed,
P1,2,209,P1-209,flat,,observed,
P1,2,210,P1-210,flat,,observed,
P1,2,211,P1-211,flat,,observed,
P1,3,301,P1-301,flat,,observed,
P1,3,302,P1-302,flat,,observed,
P1,3,303,P1-303,flat,,observed,
P1,3,304,P1-304,flat,,observed,
P1,3,305,P1-305,flat,,observed,
P1,3,306,P1-306,flat,,observed,
P1,3,307,P1-307,flat,,observed,
P1,3,308,P1-308,flat,,observed,
P1,3,309,P1-309,flat,,observed,
P1,3,310-311,P1-310-311,merged_flat,"310,311",observed,"two numbers, ONE door"
P1,4,401,P1-401,flat,,observed,
P1,4,402,P1-402,flat,,observed,
P1,4,403,P1-403,flat,,observed,
P1,4,404,P1-404,flat,,observed,
P1,4,405,P1-405,flat,,observed,
P1,4,406,P1-406,flat,,observed,
P1,4,407,P1-407,flat,,observed,
P1,4,408,P1-408,flat,,observed,
P1,4,409,P1-409,flat,,observed,
P1,4,410,P1-410,flat,,observed,
P1,4,411,P1-411,flat,,observed,
P1,5,501,P1-501,flat,,observed,
P1,5,502,P1-502,flat,,observed,
P1,5,503,P1-503,flat,,observed,
P1,5,504,P1-504,flat,,observed,
P1,5,505,P1-505,flat,,observed,
P1,5,506,P1-506,flat,,observed,
P1,5,507,P1-507,flat,,observed,
P1,5,508,P1-508,flat,,observed,
P1,5,509,P1-509,flat,,observed,
P1,5,510,P1-510,flat,,observed,
P1,5,511,P1-511,flat,,observed,
P1,6,601,P1-601,flat,,observed,
P1,6,602,P1-602,flat,,observed,
P1,6,603,P1-603,flat,,observed,
P1,6,604,P1-604,flat,,observed,
P1,6,605,P1-605,flat,,observed,
P1,6,606,P1-606,flat,,observed,
P1,6,607,P1-607,flat,,observed,in directory but ABSENT from Add Home picker
P1,6,608,P1-608,flat,,observed,
P1,6,609,P1-609,flat,,observed,
P1,6,610-611,P1-610-611,merged_flat,"610,611",observed,"two numbers, ONE door"
P1,7,701,P1-701,flat,,observed,
P1,7,702,P1-702,flat,,observed,
P1,7,703,P1-703,flat,,observed,
P1,7,704,P1-704,flat,,observed,
P1,7,705,P1-705,flat,,observed,
P1,7,706,P1-706,flat,,observed,
P1,7,707,P1-707,flat,,observed,in directory but ABSENT from Add Home picker
P1,7,708,P1-708,flat,,observed,
P1,7,709,P1-709,flat,,observed,
P1,7,710-711,P1-710-711,merged_flat,"710,711",observed,"two numbers, ONE door"
P1,8,801,P1-801,flat,,observed,
P1,8,802,P1-802,flat,,observed,
P1,8,803,P1-803,flat,,observed,
P1,8,804,P1-804,flat,,observed,
P1,8,805,P1-805,flat,,observed,
P1,8,806,P1-806,flat,,observed,
P1,8,807,P1-807,flat,,observed,in directory but ABSENT from Add Home picker
P1,8,808,P1-808,flat,,observed,
P1,8,809,P1-809,flat,,observed,
P1,8,810-811,P1-810-811,merged_flat,"810,811",observed,"two numbers, ONE door"
P1,9,901,P1-901,flat,,observed,
P1,9,902,P1-902,flat,,observed,
P1,9,903,P1-903,flat,,observed,
P1,9,904,P1-904,flat,,observed,
P1,9,905,P1-905,flat,,observed,
P1,9,906,P1-906,flat,,observed,
P1,9,907,P1-907,flat,,observed,in directory but ABSENT from Add Home picker
P1,9,908,P1-908,flat,,observed,
P1,9,909,P1-909,flat,,observed,
P1,9,910-911,P1-910-911,merged_flat,"910,911",observed,"two numbers, ONE door"
P1,?,1103-SR,P1-1103-SR,servant_room,1103,observed,tagged 11th - INCONSISTENT
P1,?,1306-S,P1-1306-S,servant_room,1306,observed,tagged Ground
P1,?,1403-SR,P1-1403-SR,servant_room,1403,observed,tagged Ground
P1,?,206S,P1-206S,servant_room,206,observed,tagged 2nd
P1,?,803-SR,P1-803-SR,servant_room,803,observed,tagged Ground
P1,10,1001,P1-1001,flat,,observed,
P1,10,1002,P1-1002,flat,,observed,
P1,10,1003,P1-1003,flat,,observed,
P1,10,1004,P1-1004,flat,,observed,
P1,10,1005,P1-1005,flat,,observed,
P1,10,1006,P1-1006,flat,,observed,
P1,10,1007,P1-1007,flat,,observed,
P1,10,1008,P1-1008,flat,,observed,
P1,10,1009,P1-1009,flat,,observed,
P1,10,1010-1011,P1-1010-1011,merged_flat,"1010,1011",observed,"two numbers, ONE door"
P1,11,1101,P1-1101,flat,,observed,
P1,11,1102,P1-1102,flat,,observed,
P1,11,1103,P1-1103,flat,,observed,
P1,11,1104,P1-1104,flat,,observed,
P1,11,1105,P1-1105,flat,,observed,
P1,11,1106,P1-1106,flat,,observed,
P1,11,1107,P1-1107,flat,,observed,in directory but ABSENT from Add Home picker
P1,11,1108,P1-1108,flat,,observed,
P1,11,1109,P1-1109,flat,,observed,
P1,11,1110-1111,P1-1110-1111,merged_flat,"1110,1111",observed,"two numbers, ONE door"
P1,12,1201,P1-1201,flat,,observed,
P1,12,1202,P1-1202,flat,,observed,
P1,12,1203,P1-1203,flat,,observed,
P1,12,1204,P1-1204,flat,,observed,
P1,12,1205,P1-1205,flat,,observed,
P1,12,1206,P1-1206,flat,,observed,
P1,12,1207,P1-1207,flat,,observed,in directory but ABSENT from Add Home picker
P1,12,1208,P1-1208,flat,,observed,
P1,12,1209,P1-1209,flat,,observed,
P1,12,1210-1211,P1-1210-1211,merged_flat,"1210,1211",observed,"two numbers, ONE door"
P1,13,1301,P1-1301,flat,,observed,
P1,13,1302,P1-1302,flat,,observed,
P1,13,1303,P1-1303,flat,,observed,
P1,13,1304,P1-1304,flat,,observed,
P1,13,1305,P1-1305,flat,,observed,
P1,13,1306,P1-1306,flat,,observed,
P1,13,1307,P1-1307,flat,,observed,in directory but ABSENT from Add Home picker
P1,13,1308,P1-1308,flat,,observed,
P1,13,1309,P1-1309,flat,,observed,
P1,13,1310-1311,P1-1310-1311,merged_flat,"1310,1311",observed,"two numbers, ONE door"
P1,14,1401,P1-1401,flat,,observed,
P1,14,1402,P1-1402,flat,,observed,
P1,14,1403,P1-1403,flat,,observed,
P1,14,1404,P1-1404,flat,,observed,
P1,14,1405,P1-1405,flat,,observed,
P1,14,1406,P1-1406,flat,,observed,
P1,14,1407,P1-1407,flat,,observed,in directory but ABSENT from Add Home picker
P1,14,1408,P1-1408,flat,,observed,
P1,14,1409,P1-1409,flat,,observed,
P1,14,1410-1411,P1-1410-1411,merged_flat,"1410,1411",observed,"two numbers, ONE door"
P2,0,005,P2-005,flat,,observed,ground floor is partial - 001-004/008-010 not listed
P2,0,006,P2-006,flat,,observed,ground floor is partial - 001-004/008-010 not listed
P2,0,007,P2-007,flat,,observed,ground floor is partial - 001-004/008-010 not listed
P2,0,011,P2-011,flat,,observed,ground floor is partial - 001-004/008-010 not listed
P2,0,012,P2-012,flat,,observed,ground floor is partial - 001-004/008-010 not listed
P2,0,013,P2-013,flat,,observed,ground floor is partial - 001-004/008-010 not listed
P2,0,014,P2-014,flat,,observed,ground floor is partial - 001-004/008-010 not listed
P2,0,015,P2-015,flat,,observed,ground floor is partial - 001-004/008-010 not listed
P2,0,016,P2-016,flat,,observed,ground floor is partial - 001-004/008-010 not listed
P2,1,101,P2-101,flat,,observed,
P2,1,102,P2-102,flat,,observed,
P2,1,103,P2-103,flat,,observed,
P2,1,104,P2-104,flat,,observed,
P2,1,105,P2-105,flat,,observed,
P2,1,106,P2-106,flat,,observed,
P2,1,107,P2-107,flat,,observed,
P2,1,108,P2-108,flat,,observed,
P2,1,109,P2-109,flat,,observed,
P2,1,110,P2-110,flat,,observed,
P2,1,111,P2-111,flat,,observed,
P2,1,112,P2-112,flat,,observed,
P2,1,113,P2-113,flat,,observed,
P2,1,114,P2-114,flat,,observed,
P2,1,115,P2-115,flat,,observed,
P2,1,116,P2-116,flat,,observed,
P2,2,201,P2-201,flat,,observed,
P2,2,202,P2-202,flat,,observed,
P2,2,203,P2-203,flat,,observed,
P2,2,204,P2-204,flat,,observed,
P2,2,205,P2-205,flat,,observed,
P2,2,206,P2-206,flat,,observed,
P2,2,207,P2-207,flat,,observed,
P2,2,208,P2-208,flat,,observed,
P2,2,209,P2-209,flat,,observed,
P2,2,210,P2-210,flat,,observed,
P2,2,211,P2-211,flat,,observed,
P2,2,212,P2-212,flat,,observed,
P2,2,213,P2-213,flat,,observed,
P2,2,214,P2-214,flat,,observed,
P2,2,214-SR,P2-214-SR,servant_room,214,observed,listed inline in the numeric sequence
P2,2,215,P2-215,flat,,observed,
P2,2,216,P2-216,flat,,observed,
P2,3,301,P2-301,flat,,observed,
P2,3,302,P2-302,flat,,observed,
P2,3,303,P2-303,flat,,observed,
P2,3,304,P2-304,flat,,observed,
P2,3,305,P2-305,flat,,observed,
P2,3,306,P2-306,flat,,observed,
P2,3,307,P2-307,flat,,observed,
P2,3,308,P2-308,flat,,observed,
P2,3,309,P2-309,flat,,observed,
P2,3,310,P2-310,flat,,observed,
P2,3,311,P2-311,flat,,observed,
P2,3,312,P2-312,flat,,observed,
P2,3,313,P2-313,flat,,observed,
P2,3,314,P2-314,flat,,observed,
P2,3,315,P2-315,flat,,observed,
P2,3,316,P2-316,flat,,observed,
P2,4,401,P2-401,flat,,observed,
P2,4,402,P2-402,flat,,observed,
P2,4,403,P2-403,flat,,observed,
P2,4,404,P2-404,flat,,observed,
P2,4,405,P2-405,flat,,observed,
P2,4,406,P2-406,flat,,observed,
P2,4,407,P2-407,flat,,observed,
P2,4,408,P2-408,flat,,observed,
P2,4,409,P2-409,flat,,observed,
P2,4,410,P2-410,flat,,observed,
P2,4,411,P2-411,flat,,observed,
P2,4,412,P2-412,flat,,observed,
P2,4,413,P2-413,flat,,observed,
P2,4,414,P2-414,flat,,observed,
P2,4,415,P2-415,flat,,observed,
P2,4,416,P2-416,flat,,observed,
P2,5,501,P2-501,flat,,observed,
P2,5,502,P2-502,flat,,observed,
P2,5,503,P2-503,flat,,observed,
P2,5,504,P2-504,flat,,observed,
P2,5,505,P2-505,flat,,observed,
P2,5,506,P2-506,flat,,observed,
P2,5,507,P2-507,flat,,observed,
P2,5,508,P2-508,flat,,observed,
P2,5,509,P2-509,flat,,observed,
P2,5,510,P2-510,flat,,observed,
P2,5,511,P2-511,flat,,observed,
P2,5,512,P2-512,flat,,observed,
P2,5,513,P2-513,flat,,observed,
P2,5,514,P2-514,flat,,observed,
P2,5,515,P2-515,flat,,observed,
P2,5,516,P2-516,flat,,observed,
P2,6,601,P2-601,flat,,observed,
P2,6,602,P2-602,flat,,observed,
P2,6,603,P2-603,flat,,observed,
P2,6,604,P2-604,flat,,observed,
P2,6,605,P2-605,flat,,observed,
P2,6,606,P2-606,flat,,observed,
P2,6,607,P2-607,flat,,observed,
P2,6,608,P2-608,flat,,observed,
P2,6,609,P2-609,flat,,observed,
P2,6,610,P2-610,flat,,observed,
P2,6,611,P2-611,flat,,observed,fell in a screenshot scroll gap - unverified
P2,6,612,P2-612,flat,,observed,fell in a screenshot scroll gap - unverified
P2,6,613,P2-613,flat,,observed,fell in a screenshot scroll gap - unverified
P2,6,614,P2-614,flat,,observed,
P2,6,615,P2-615,flat,,observed,
P2,6,616,P2-616,flat,,observed,
P2,7,701,P2-701,flat,,observed,
P2,7,702,P2-702,flat,,observed,
P2,7,703,P2-703,flat,,observed,
P2,7,704,P2-704,flat,,observed,
P2,7,705,P2-705,flat,,observed,
P2,7,706,P2-706,flat,,observed,
P2,7,707,P2-707,flat,,observed,
P2,7,708,P2-708,flat,,observed,
P2,7,709,P2-709,flat,,observed,
P2,7,710,P2-710,flat,,observed,
P2,7,711,P2-711,flat,,observed,
P2,7,712,P2-712,flat,,observed,
P2,7,713,P2-713,flat,,observed,
P2,7,714,P2-714,flat,,observed,
P2,7,715,P2-715,flat,,observed,
P2,7,716,P2-716,flat,,observed,
P2,8,801,P2-801,flat,,observed,
P2,8,802,P2-802,flat,,observed,
P2,8,803,P2-803,flat,,observed,
P2,8,804,P2-804,flat,,observed,
P2,8,805,P2-805,flat,,observed,
P2,8,806,P2-806,flat,,observed,
P2,8,807,P2-807,flat,,observed,
P2,8,808,P2-808,flat,,observed,
P2,8,809,P2-809,flat,,observed,
P2,8,810,P2-810,flat,,observed,
P2,8,811,P2-811,flat,,observed,
P2,8,812,P2-812,flat,,observed,
P2,8,813,P2-813,flat,,observed,fell in a screenshot scroll gap - unverified
P2,8,814,P2-814,flat,,observed,
P2,8,815,P2-815,flat,,observed,
P2,8,816,P2-816,flat,,observed,
P2,9,901,P2-901,flat,,observed,
P2,9,902,P2-902,flat,,observed,
P2,9,903,P2-903,flat,,observed,
P2,9,904,P2-904,flat,,observed,
P2,9,905,P2-905,flat,,observed,
P2,9,906,P2-906,flat,,observed,
P2,9,907,P2-907,flat,,observed,
P2,9,908,P2-908,flat,,observed,
P2,9,909,P2-909,flat,,observed,
P2,9,910,P2-910,flat,,observed,
P2,9,911,P2-911,flat,,observed,
P2,9,912,P2-912,flat,,observed,
P2,9,913,P2-913,flat,,observed,
P2,9,914,P2-914,flat,,observed,fell in a screenshot scroll gap - unverified
P2,9,915,P2-915,flat,,observed,
P2,9,916,P2-916,flat,,observed,
P2,?,1007-SR,P2-1007-SR,servant_room,,observed,prefixed tail entry; 5 inconsistent SR notations
P2,?,101-S,P2-101-S,servant_room,,observed,prefixed tail entry; 5 inconsistent SR notations
P2,?,1010(S),P2-1010(S),servant_room,,observed,prefixed tail entry; 5 inconsistent SR notations
P2,?,108-S,P2-108-S,servant_room,,observed,prefixed tail entry; 5 inconsistent SR notations
P2,?,1101-S,P2-1101-S,servant_room,,observed,prefixed tail entry; 5 inconsistent SR notations
P2,?,112-SR,P2-112-SR,servant_room,,observed,prefixed tail entry; 5 inconsistent SR notations
P2,?,1208-SR,P2-1208-SR,servant_room,,observed,prefixed tail entry; 5 inconsistent SR notations
P2,?,1310-SR,P2-1310-SR,servant_room,,observed,prefixed tail entry; 5 inconsistent SR notations
P2,?,1507-SR,P2-1507-SR,servant_room,,observed,prefixed tail entry; 5 inconsistent SR notations
P2,?,1701-SR,P2-1701-SR,servant_room,,observed,prefixed tail entry; 5 inconsistent SR notations
P2,?,1707-S,P2-1707-S,servant_room,,observed,prefixed tail entry; 5 inconsistent SR notations
P2,?,1715-S,P2-1715-S,servant_room,,observed,prefixed tail entry; 5 inconsistent SR notations
P2,?,605-SR,P2-605-SR,servant_room,,observed,prefixed tail entry; 5 inconsistent SR notations
P2,?,703-S,P2-703-S,servant_room,,observed,prefixed tail entry; 5 inconsistent SR notations
P2,?,810-SR,P2-810-SR,servant_room,,observed,prefixed tail entry; 5 inconsistent SR notations
P2,?,814 S,P2-814 S,servant_room,,observed,prefixed tail entry; 5 inconsistent SR notations
P2,?,816-SR,P2-816-SR,servant_room,,observed,prefixed tail entry; 5 inconsistent SR notations
P2,?,912-S,P2-912-S,servant_room,,observed,prefixed tail entry; 5 inconsistent SR notations
P2,?,Press,P2-Press,facility,,observed,
P2,10,1001,P2-1001,flat,,observed,
P2,10,1002,P2-1002,flat,,observed,
P2,10,1003,P2-1003,flat,,observed,
P2,10,1004,P2-1004,flat,,observed,
P2,10,1005,P2-1005,flat,,observed,
P2,10,1006,P2-1006,flat,,observed,
P2,10,1007,P2-1007,flat,,observed,
P2,10,1008,P2-1008,flat,,observed,
P2,10,1009,P2-1009,flat,,observed,
P2,10,1010,P2-1010,flat,,observed,
P2,10,1011,P2-1011,flat,,observed,
P2,10,1012,P2-1012,flat,,observed,
P2,10,1013,P2-1013,flat,,observed,
P2,10,1014,P2-1014,flat,,observed,
P2,10,1015,P2-1015,flat,,observed,fell in a screenshot scroll gap - unverified
P2,10,1016,P2-1016,flat,,observed,fell in a screenshot scroll gap - unverified
P2,11,1101,P2-1101,flat,,observed,fell in a screenshot scroll gap - unverified
P2,11,1102,P2-1102,flat,,observed,fell in a screenshot scroll gap - unverified
P2,11,1103,P2-1103,flat,,observed,fell in a screenshot scroll gap - unverified
P2,11,1104,P2-1104,flat,,observed,
P2,11,1105,P2-1105,flat,,observed,
P2,11,1106,P2-1106,flat,,observed,
P2,11,1107,P2-1107,flat,,observed,
P2,11,1108,P2-1108,flat,,observed,
P2,11,1109,P2-1109,flat,,observed,
P2,11,1110,P2-1110,flat,,observed,
P2,11,1111,P2-1111,flat,,observed,
P2,11,1112,P2-1112,flat,,observed,
P2,11,1113,P2-1113,flat,,observed,
P2,11,1114,P2-1114,flat,,observed,
P2,11,1115,P2-1115,flat,,observed,
P2,11,1116,P2-1116,flat,,observed,
P2,12,1201,P2-1201,flat,,observed,
P2,12,1202,P2-1202,flat,,observed,
P2,12,1203,P2-1203,flat,,observed,
P2,12,1204,P2-1204,flat,,observed,
P2,12,1205,P2-1205,flat,,observed,
P2,12,1206,P2-1206,flat,,observed,
P2,12,1207,P2-1207,flat,,observed,
P2,12,1208,P2-1208,flat,,observed,
P2,12,1209,P2-1209,flat,,observed,
P2,12,1210,P2-1210,flat,,observed,
P2,12,1211,P2-1211,flat,,observed,
P2,12,1212,P2-1212,flat,,observed,
P2,12,1213,P2-1213,flat,,observed,
P2,12,1214,P2-1214,flat,,observed,
P2,12,1215,P2-1215,flat,,observed,
P2,12,1216,P2-1216,flat,,observed,
P2,13,1301,P2-1301,flat,,observed,
P2,13,1302,P2-1302,flat,,observed,
P2,13,1303,P2-1303,flat,,observed,
P2,13,1304,P2-1304,flat,,observed,
P2,13,1305,P2-1305,flat,,observed,
P2,13,1306,P2-1306,flat,,observed,
P2,13,1307,P2-1307,flat,,observed,
P2,13,1308,P2-1308,flat,,observed,
P2,13,1309,P2-1309,flat,,observed,
P2,13,1310,P2-1310,flat,,observed,
P2,13,1311,P2-1311,flat,,observed,
P2,13,1312,P2-1312,flat,,observed,
P2,13,1313,P2-1313,flat,,observed,
P2,13,1314,P2-1314,flat,,observed,
P2,13,1315,P2-1315,flat,,observed,
P2,13,1316,P2-1316,flat,,observed,
P2,14,1401,P2-1401,flat,,observed,
P2,14,1401-P,P2-1401-P,unknown_suffix,1401,observed,"'-P' suffix - purpose unknown, verify"
P2,14,1402,P2-1402,flat,,observed,
P2,14,1403,P2-1403,flat,,observed,
P2,14,1404,P2-1404,flat,,observed,
P2,14,1405,P2-1405,flat,,observed,
P2,14,1406,P2-1406,flat,,observed,
P2,14,1407,P2-1407,flat,,observed,
P2,14,1408,P2-1408,flat,,observed,
P2,14,1409,P2-1409,flat,,observed,
P2,14,1410,P2-1410,flat,,observed,
P2,14,1411,P2-1411,flat,,observed,
P2,14,1412,P2-1412,flat,,observed,
P2,14,1413,P2-1413,flat,,observed,
P2,14,1414,P2-1414,flat,,observed,
P2,14,1415,P2-1415,flat,,observed,
P2,14,1416,P2-1416,flat,,observed,
P2,15,1501,P2-1501,flat,,observed,
P2,15,1502,P2-1502,flat,,observed,
P2,15,1503,P2-1503,flat,,observed,
P2,15,1504,P2-1504,flat,,observed,
P2,15,1505,P2-1505,flat,,observed,
P2,15,1506,P2-1506,flat,,observed,
P2,15,1507,P2-1507,flat,,observed,
P2,15,1507- SR,P2-1507- SR,servant_room,1507,observed,DUPLICATE of P2-1507-SR below
P2,15,1508,P2-1508,flat,,observed,
P2,15,1509,P2-1509,flat,,observed,
P2,15,1510,P2-1510,flat,,observed,
P2,15,1511,P2-1511,flat,,observed,
P2,15,1512,P2-1512,flat,,observed,
P2,15,1513,P2-1513,flat,,observed,
P2,15,1514,P2-1514,flat,,observed,
P2,15,1515,P2-1515,flat,,observed,
P2,15,1516,P2-1516,flat,,observed,
P2,16,1601,P2-1601,flat,,observed,
P2,16,1602,P2-1602,flat,,observed,
P2,16,1603,P2-1603,flat,,observed,
P2,16,1604,P2-1604,flat,,observed,
P2,16,1605,P2-1605,flat,,observed,
P2,16,1606,P2-1606,flat,,observed,
P2,16,1607,P2-1607,flat,,observed,
P2,16,1608,P2-1608,flat,,observed,
P2,16,1609,P2-1609,flat,,observed,
P2,16,1610,P2-1610,flat,,observed,
P2,16,1611,P2-1611,flat,,observed,
P2,16,1612,P2-1612,flat,,observed,
P2,16,1613,P2-1613,flat,,observed,
P2,16,1614,P2-1614,flat,,observed,
P2,16,1615,P2-1615,flat,,observed,
P2,16,1616,P2-1616,flat,,observed,
P2,17,1701,P2-1701,flat,,observed,
P2,17,1702,P2-1702,flat,,observed,
P2,17,1703,P2-1703,flat,,observed,fell in a screenshot scroll gap - unverified
P2,17,1704,P2-1704,flat,,observed,
P2,17,1705,P2-1705,flat,,observed,
P2,17,1706,P2-1706,flat,,observed,
P2,17,1707,P2-1707,flat,,observed,
P2,17,1708,P2-1708,flat,,observed,
P2,17,1709,P2-1709,flat,,observed,
P2,17,1710,P2-1710,flat,,observed,
P2,17,1711,P2-1711,flat,,observed,
P2,17,1712,P2-1712,flat,,observed,
P2,17,1713,P2-1713,flat,,observed,
P2,17,1714,P2-1714,flat,,observed,
P2,17,1715,P2-1715,flat,,observed,
P2,17,1716,P2-1716,flat,,observed,
P2,18,1801,P2-1801,flat,,observed,
P2,18,1802,P2-1802,flat,,observed,
P2,18,1803,P2-1803,flat,,observed,
P2,18,1804,P2-1804,flat,,observed,
P2,18,1805,P2-1805,flat,,observed,
P2,18,1806,P2-1806,flat,,observed,
P2,18,1807,P2-1807,flat,,observed,
P2,18,1808,P2-1808,flat,,observed,
P2,18,1809,P2-1809,flat,,observed,
P2,18,1810,P2-1810,flat,,observed,
P2,18,1811,P2-1811,flat,,observed,
P2,18,1812,P2-1812,flat,,observed,
P2,18,1813,P2-1813,flat,,observed,
P2,18,1814,P2-1814,flat,,observed,
P2,18,1815,P2-1815,flat,,observed,
P2,18,1816,P2-1816,flat,,observed,
P3,0/?,003,P3-003,unclear,,observed,
P3,0/?,004,P3-004,unclear,,observed,
P3,0/?,5A,P3-5A,unclear,,observed,
P3,0/?,P3-5A,P3-P3-5A,unclear,,observed,
P3,0/?,P3-5B,P3-P3-5B,unclear,,observed,
P3,1,101,P3-101,flat,,observed,
P3,1,102,P3-102,flat,,observed,
P3,1,103,P3-103,flat,,observed,
P3,1,104,P3-104,flat,,observed,
P3,1,105,P3-105,flat,,observed,
P3,1,106,P3-106,flat,,observed,
P3,2,201,P3-201,flat,,observed,
P3,2,202,P3-202,flat,,observed,
P3,2,203,P3-203,flat,,observed,
P3,2,204,P3-204,flat,,observed,
P3,2,205,P3-205,flat,,observed,
P3,2,206,P3-206,flat,,observed,
P3,3,301,P3-301,flat,,observed,
P3,3,302,P3-302,flat,,observed,
P3,3,303,P3-303,flat,,observed,
P3,3,304,P3-304,flat,,observed,
P3,3,305,P3-305,flat,,observed,
P3,3,306,P3-306,flat,,observed,
P3,4,401,P3-401,flat,,observed,
P3,4,402,P3-402,flat,,observed,
P3,4,403,P3-403,flat,,observed,
P3,4,404,P3-404,flat,,observed,
P3,4,405,P3-405,flat,,observed,
P3,4,406,P3-406,flat,,observed,
P3,5,501,P3-501,flat,,observed,
P3,5,502,P3-502,flat,,observed,
P3,5,503,P3-503,flat,,observed,
P3,5,504,P3-504,flat,,observed,
P3,5,505,P3-505,flat,,observed,
P3,5,506,P3-506,flat,,observed,
P3,6,601,P3-601,flat,,observed,
P3,6,602,P3-602,flat,,observed,
P3,6,603,P3-603,flat,,observed,
P3,6,604,P3-604,flat,,observed,
P3,6,605,P3-605,flat,,observed,
P3,6,606,P3-606,flat,,observed,
P3,7,701,P3-701,flat,,observed,
P3,7,702,P3-702,flat,,observed,
P3,7,703,P3-703,flat,,observed,
P3,7,704,P3-704,flat,,observed,
P3,7,705,P3-705,flat,,observed,
P3,7,706,P3-706,flat,,observed,
P3,8,801,P3-801,flat,,observed,
P3,8,802,P3-802,flat,,observed,
P3,8,803,P3-803,flat,,observed,
P3,8,804,P3-804,flat,,observed,
P3,8,805,P3-805,flat,,observed,
P3,8,806,P3-806,flat,,observed,
P3,9,901,P3-901,flat,,observed,
P3,9,902,P3-902,flat,,observed,
P3,9,903,P3-903,flat,,observed,
P3,9,904,P3-904,flat,,observed,
P3,9,905,P3-905,flat,,observed,
P3,9,906,P3-906,flat,,observed,
P3,?,101S,P3-101S,servant_room,,observed,
P3,?,104-SR,P3-104-SR,servant_room,,observed,
P3,?,1303-SR,P3-1303-SR,servant_room,,observed,
P3,?,1403-SR,P3-1403-SR,servant_room,,observed,
P3,?,1502-SR,P3-1502-SR,servant_room,,observed,
P3,?,1704-SR,P3-1704-SR,servant_room,,observed,
P3,?,201-S,P3-201-S,servant_room,,observed,
P3,?,201-SR,P3-201-SR,servant_room,,observed,
P3,?,304-S,P3-304-S,servant_room,,observed,
P3,?,304-SR,P3-304-SR,servant_room,,observed,
P3,?,406S,P3-406S,servant_room,,observed,
P3,?,605-S,P3-605-S,servant_room,,observed,
P3,?,703-SR,P3-703-SR,servant_room,,observed,
P3,?,804-SR,P3-804-SR,servant_room,,observed,
P3,?,903-SR,P3-903-SR,servant_room,,observed,
P3,?,SPASE Phase -1,P3-SPASE Phase -1,commercial_space,,observed,'Space -3'/'Space-3' duplicate; 'SPASE' is a typo
P3,?,Space -3,P3-Space -3,commercial_space,,observed,'Space -3'/'Space-3' duplicate; 'SPASE' is a typo
P3,?,Space-1,P3-Space-1,commercial_space,,observed,
P3,?,Space-2,P3-Space-2,commercial_space,,observed,
P3,?,Space-3,P3-Space-3,commercial_space,,observed,'Space -3'/'Space-3' duplicate; 'SPASE' is a typo
P3,?,Space-4,P3-Space-4,commercial_space,,observed,
P3,10,1001,P3-1001,flat,,observed,
P3,10,1002,P3-1002,flat,,observed,
P3,10,1003,P3-1003,flat,,observed,
P3,10,1004,P3-1004,flat,,observed,
P3,10,1005,P3-1005,flat,,observed,
P3,10,1006,P3-1006,flat,,observed,
P3,11,1101,P3-1101,flat,,observed,
P3,11,1102,P3-1102,flat,,observed,
P3,11,1103,P3-1103,flat,,observed,
P3,11,1104,P3-1104,flat,,observed,
P3,11,1105,P3-1105,flat,,observed,
P3,11,1106,P3-1106,flat,,observed,
P3,12,1201,P3-1201,flat,,observed,
P3,12,1202,P3-1202,flat,,observed,
P3,12,1203,P3-1203,flat,,observed,
P3,12,1204,P3-1204,flat,,observed,
P3,12,1205,P3-1205,flat,,observed,
P3,12,1206,P3-1206,flat,,observed,
P3,13,1301,P3-1301,flat,,observed,
P3,13,1302,P3-1302,flat,,observed,
P3,13,1303,P3-1303,flat,,observed,
P3,13,1304,P3-1304,flat,,observed,
P3,13,1305,P3-1305,flat,,observed,
P3,13,1306,P3-1306,flat,,observed,
P3,14,1401,P3-1401,flat,,observed,
P3,14,1402,P3-1402,flat,,observed,
P3,14,1403,P3-1403,flat,,observed,
P3,14,1404,P3-1404,flat,,observed,
P3,14,1405,P3-1405,flat,,observed,
P3,14,1406,P3-1406,flat,,observed,
P3,15,1501,P3-1501,flat,,observed,
P3,15,1502,P3-1502,flat,,observed,
P3,15,1503,P3-1503,flat,,observed,
P3,15,1504,P3-1504,flat,,observed,
P3,15,1505,P3-1505,flat,,observed,
P3,15,1506,P3-1506,flat,,observed,
P3,16,1601,P3-1601,flat,,observed,
P3,16,1602,P3-1602,flat,,observed,
P3,16,1603,P3-1603,flat,,observed,
P3,16,1604,P3-1604,flat,,observed,
P3,16,1605,P3-1605,flat,,observed,
P3,16,1606,P3-1606,flat,,observed,
P3,17,1701,P3-1701,flat,,observed,
P3,17,1702,P3-1702,flat,,observed,
P3,17,1703,P3-1703,flat,,observed,
P3,17,1704,P3-1704,flat,,observed,
P3,17,1705,P3-1705,flat,,observed,
P3,17,1706,P3-1706,flat,,observed,
P3,18,1801,P3-1801,flat,,observed,
P3,18,1802,P3-1802,flat,,observed,
P3,18,1803,P3-1803,flat,,observed,
P3,18,1804,P3-1804,flat,,observed,
P3,18,1805,P3-1805,flat,,observed,
P3,18,1806,P3-1806,flat,,observed,
P4,1,101,P4-101,flat,,observed,
P4,1,102,P4-102,flat,,observed,
P4,1,103,P4-103,flat,,observed,
P4,1,104,P4-104,flat,,observed,
P4,1,105,P4-105,flat,,observed,
P4,1,106,P4-106,flat,,observed,
P4,1,107,P4-107,flat,,ASSUMED_NOT_VERIFIED,X07 hidden in picker (as in P1) - assumed to exist
P4,1,108,P4-108,flat,,observed,
P4,2,201,P4-201,flat,,ASSUMED_NOT_VERIFIED,GENERATED FROM ASSUMPTION - not seen in any screenshot
P4,2,202,P4-202,flat,,ASSUMED_NOT_VERIFIED,GENERATED FROM ASSUMPTION - not seen in any screenshot
P4,2,203,P4-203,flat,,ASSUMED_NOT_VERIFIED,GENERATED FROM ASSUMPTION - not seen in any screenshot
P4,2,204,P4-204,flat,,ASSUMED_NOT_VERIFIED,GENERATED FROM ASSUMPTION - not seen in any screenshot
P4,2,205,P4-205,flat,,ASSUMED_NOT_VERIFIED,GENERATED FROM ASSUMPTION - not seen in any screenshot
P4,2,206,P4-206,flat,,ASSUMED_NOT_VERIFIED,GENERATED FROM ASSUMPTION - not seen in any screenshot
P4,2,207,P4-207,flat,,ASSUMED_NOT_VERIFIED,X07 hidden in picker (as in P1) - assumed to exist
P4,2,208,P4-208,flat,,ASSUMED_NOT_VERIFIED,GENERATED FROM ASSUMPTION - not seen in any screenshot
P4,3,301,P4-301,flat,,ASSUMED_NOT_VERIFIED,GENERATED FROM ASSUMPTION - not seen in any screenshot
P4,3,302,P4-302,flat,,ASSUMED_NOT_VERIFIED,GENERATED FROM ASSUMPTION - not seen in any screenshot
P4,3,303,P4-303,flat,,ASSUMED_NOT_VERIFIED,GENERATED FROM ASSUMPTION - not seen in any screenshot
P4,3,304,P4-304,flat,,ASSUMED_NOT_VERIFIED,GENERATED FROM ASSUMPTION - not seen in any screenshot
P4,3,305,P4-305,flat,,ASSUMED_NOT_VERIFIED,GENERATED FROM ASSUMPTION - not seen in any screenshot
P4,3,306,P4-306,flat,,ASSUMED_NOT_VERIFIED,GENERATED FROM ASSUMPTION - not seen in any screenshot
P4,3,307,P4-307,flat,,ASSUMED_NOT_VERIFIED,X07 hidden in picker (as in P1) - assumed to exist
P4,3,308,P4-308,flat,,ASSUMED_NOT_VERIFIED,GENERATED FROM ASSUMPTION - not seen in any screenshot
P4,4,401,P4-401,flat,,ASSUMED_NOT_VERIFIED,GENERATED FROM ASSUMPTION - not seen in any screenshot
P4,4,402,P4-402,flat,,ASSUMED_NOT_VERIFIED,GENERATED FROM ASSUMPTION - not seen in any screenshot
P4,4,403,P4-403,flat,,ASSUMED_NOT_VERIFIED,GENERATED FROM ASSUMPTION - not seen in any screenshot
P4,4,404,P4-404,flat,,ASSUMED_NOT_VERIFIED,GENERATED FROM ASSUMPTION - not seen in any screenshot
P4,4,405,P4-405,flat,,ASSUMED_NOT_VERIFIED,GENERATED FROM ASSUMPTION - not seen in any screenshot
P4,4,406,P4-406,flat,,ASSUMED_NOT_VERIFIED,GENERATED FROM ASSUMPTION - not seen in any screenshot
P4,4,407,P4-407,flat,,ASSUMED_NOT_VERIFIED,X07 hidden in picker (as in P1) - assumed to exist
P4,4,408,P4-408,flat,,ASSUMED_NOT_VERIFIED,GENERATED FROM ASSUMPTION - not seen in any screenshot
P4,5,501,P4-501,flat,,ASSUMED_NOT_VERIFIED,GENERATED FROM ASSUMPTION - not seen in any screenshot
P4,5,502,P4-502,flat,,ASSUMED_NOT_VERIFIED,GENERATED FROM ASSUMPTION - not seen in any screenshot
P4,5,503,P4-503,flat,,ASSUMED_NOT_VERIFIED,GENERATED FROM ASSUMPTION - not seen in any screenshot
P4,5,504,P4-504,flat,,ASSUMED_NOT_VERIFIED,GENERATED FROM ASSUMPTION - not seen in any screenshot
P4,5,505,P4-505,flat,,ASSUMED_NOT_VERIFIED,GENERATED FROM ASSUMPTION - not seen in any screenshot
P4,5,506,P4-506,flat,,ASSUMED_NOT_VERIFIED,GENERATED FROM ASSUMPTION - not seen in any screenshot
P4,5,507,P4-507,flat,,ASSUMED_NOT_VERIFIED,X07 hidden in picker (as in P1) - assumed to exist
P4,5,508,P4-508,flat,,ASSUMED_NOT_VERIFIED,GENERATED FROM ASSUMPTION - not seen in any screenshot
P4,6,601,P4-601,flat,,ASSUMED_NOT_VERIFIED,GENERATED FROM ASSUMPTION - not seen in any screenshot
P4,6,602,P4-602,flat,,ASSUMED_NOT_VERIFIED,GENERATED FROM ASSUMPTION - not seen in any screenshot
P4,6,603,P4-603,flat,,ASSUMED_NOT_VERIFIED,GENERATED FROM ASSUMPTION - not seen in any screenshot
P4,6,604,P4-604,flat,,ASSUMED_NOT_VERIFIED,GENERATED FROM ASSUMPTION - not seen in any screenshot
P4,6,605,P4-605,flat,,ASSUMED_NOT_VERIFIED,GENERATED FROM ASSUMPTION - not seen in any screenshot
P4,6,606,P4-606,flat,,ASSUMED_NOT_VERIFIED,GENERATED FROM ASSUMPTION - not seen in any screenshot
P4,6,607,P4-607,flat,,ASSUMED_NOT_VERIFIED,X07 hidden in picker (as in P1) - assumed to exist
P4,6,608,P4-608,flat,,ASSUMED_NOT_VERIFIED,GENERATED FROM ASSUMPTION - not seen in any screenshot
P4,7,701,P4-701,flat,,ASSUMED_NOT_VERIFIED,GENERATED FROM ASSUMPTION - not seen in any screenshot
P4,7,702,P4-702,flat,,ASSUMED_NOT_VERIFIED,GENERATED FROM ASSUMPTION - not seen in any screenshot
P4,7,703,P4-703,flat,,ASSUMED_NOT_VERIFIED,GENERATED FROM ASSUMPTION - not seen in any screenshot
P4,7,704,P4-704,flat,,ASSUMED_NOT_VERIFIED,GENERATED FROM ASSUMPTION - not seen in any screenshot
P4,7,705,P4-705,flat,,ASSUMED_NOT_VERIFIED,GENERATED FROM ASSUMPTION - not seen in any screenshot
P4,7,706,P4-706,flat,,ASSUMED_NOT_VERIFIED,GENERATED FROM ASSUMPTION - not seen in any screenshot
P4,7,707,P4-707,flat,,ASSUMED_NOT_VERIFIED,X07 hidden in picker (as in P1) - assumed to exist
P4,7,708,P4-708,flat,,ASSUMED_NOT_VERIFIED,GENERATED FROM ASSUMPTION - not seen in any screenshot
P4,8,801,P4-801,flat,,ASSUMED_NOT_VERIFIED,GENERATED FROM ASSUMPTION - not seen in any screenshot
P4,8,802,P4-802,flat,,ASSUMED_NOT_VERIFIED,GENERATED FROM ASSUMPTION - not seen in any screenshot
P4,8,803,P4-803,flat,,ASSUMED_NOT_VERIFIED,GENERATED FROM ASSUMPTION - not seen in any screenshot
P4,8,804,P4-804,flat,,ASSUMED_NOT_VERIFIED,GENERATED FROM ASSUMPTION - not seen in any screenshot
P4,8,805,P4-805,flat,,ASSUMED_NOT_VERIFIED,GENERATED FROM ASSUMPTION - not seen in any screenshot
P4,8,806,P4-806,flat,,ASSUMED_NOT_VERIFIED,GENERATED FROM ASSUMPTION - not seen in any screenshot
P4,8,807,P4-807,flat,,ASSUMED_NOT_VERIFIED,X07 hidden in picker (as in P1) - assumed to exist
P4,8,808,P4-808,flat,,ASSUMED_NOT_VERIFIED,GENERATED FROM ASSUMPTION - not seen in any screenshot
P4,9,901,P4-901,flat,,ASSUMED_NOT_VERIFIED,GENERATED FROM ASSUMPTION - not seen in any screenshot
P4,9,902,P4-902,flat,,ASSUMED_NOT_VERIFIED,GENERATED FROM ASSUMPTION - not seen in any screenshot
P4,9,903,P4-903,flat,,ASSUMED_NOT_VERIFIED,GENERATED FROM ASSUMPTION - not seen in any screenshot
P4,9,904,P4-904,flat,,ASSUMED_NOT_VERIFIED,GENERATED FROM ASSUMPTION - not seen in any screenshot
P4,9,905,P4-905,flat,,ASSUMED_NOT_VERIFIED,GENERATED FROM ASSUMPTION - not seen in any screenshot
P4,9,906,P4-906,flat,,ASSUMED_NOT_VERIFIED,GENERATED FROM ASSUMPTION - not seen in any screenshot
P4,9,907,P4-907,flat,,ASSUMED_NOT_VERIFIED,X07 hidden in picker (as in P1) - assumed to exist
P4,9,908,P4-908,flat,,ASSUMED_NOT_VERIFIED,GENERATED FROM ASSUMPTION - not seen in any screenshot
P4,?,ROOM-2,P4-ROOM-2,room_or_space,,observed,
P4,?,Room-1,P4-Room-1,room_or_space,,observed,
P4,?,Room-3,P4-Room-3,room_or_space,,observed,
P4,?,Room-4,P4-Room-4,room_or_space,,observed,
P4,?,SHOP-J,P4-SHOP-J,shop,,observed,
P4,?,SHOP-K,P4-SHOP-K,shop,,observed,
P4,?,SHOP-L,P4-SHOP-L,shop,,observed,
P4,?,SHOP-M,P4-SHOP-M,shop,,observed,
P4,?,SHOP-N,P4-SHOP-N,shop,,observed,
P4,?,SHOP-UG-01,P4-SHOP-UG-01,shop,,observed,
P4,?,Space 1,P4-Space 1,room_or_space,,observed,
P4,?,Space 1A,P4-Space 1A,room_or_space,,observed,
P4,?,Space 4,P4-Space 4,room_or_space,,observed,
P4,10,1001,P4-1001,flat,,ASSUMED_NOT_VERIFIED,GENERATED FROM ASSUMPTION - not seen in any screenshot
P4,10,1002,P4-1002,flat,,ASSUMED_NOT_VERIFIED,GENERATED FROM ASSUMPTION - not seen in any screenshot
P4,10,1003,P4-1003,flat,,ASSUMED_NOT_VERIFIED,GENERATED FROM ASSUMPTION - not seen in any screenshot
P4,10,1004,P4-1004,flat,,ASSUMED_NOT_VERIFIED,GENERATED FROM ASSUMPTION - not seen in any screenshot
P4,10,1005,P4-1005,flat,,ASSUMED_NOT_VERIFIED,GENERATED FROM ASSUMPTION - not seen in any screenshot
P4,10,1006,P4-1006,flat,,ASSUMED_NOT_VERIFIED,GENERATED FROM ASSUMPTION - not seen in any screenshot
P4,10,1007,P4-1007,flat,,ASSUMED_NOT_VERIFIED,X07 hidden in picker (as in P1) - assumed to exist
P4,10,1008,P4-1008,flat,,ASSUMED_NOT_VERIFIED,GENERATED FROM ASSUMPTION - not seen in any screenshot
P4,11,1101,P4-1101,flat,,ASSUMED_NOT_VERIFIED,GENERATED FROM ASSUMPTION - not seen in any screenshot
P4,11,1102,P4-1102,flat,,ASSUMED_NOT_VERIFIED,GENERATED FROM ASSUMPTION - not seen in any screenshot
P4,11,1103,P4-1103,flat,,ASSUMED_NOT_VERIFIED,GENERATED FROM ASSUMPTION - not seen in any screenshot
P4,11,1104,P4-1104,flat,,ASSUMED_NOT_VERIFIED,GENERATED FROM ASSUMPTION - not seen in any screenshot
P4,11,1105,P4-1105,flat,,ASSUMED_NOT_VERIFIED,GENERATED FROM ASSUMPTION - not seen in any screenshot
P4,11,1106,P4-1106,flat,,ASSUMED_NOT_VERIFIED,GENERATED FROM ASSUMPTION - not seen in any screenshot
P4,11,1107,P4-1107,flat,,ASSUMED_NOT_VERIFIED,X07 hidden in picker (as in P1) - assumed to exist
P4,11,1108,P4-1108,flat,,ASSUMED_NOT_VERIFIED,GENERATED FROM ASSUMPTION - not seen in any screenshot
P4,12,1201,P4-1201,flat,,ASSUMED_NOT_VERIFIED,GENERATED FROM ASSUMPTION - not seen in any screenshot
P4,12,1202,P4-1202,flat,,ASSUMED_NOT_VERIFIED,GENERATED FROM ASSUMPTION - not seen in any screenshot
P4,12,1203,P4-1203,flat,,ASSUMED_NOT_VERIFIED,GENERATED FROM ASSUMPTION - not seen in any screenshot
P4,12,1204,P4-1204,flat,,ASSUMED_NOT_VERIFIED,GENERATED FROM ASSUMPTION - not seen in any screenshot
P4,12,1205,P4-1205,flat,,ASSUMED_NOT_VERIFIED,GENERATED FROM ASSUMPTION - not seen in any screenshot
P4,12,1206,P4-1206,flat,,ASSUMED_NOT_VERIFIED,GENERATED FROM ASSUMPTION - not seen in any screenshot
P4,12,1207,P4-1207,flat,,ASSUMED_NOT_VERIFIED,X07 hidden in picker (as in P1) - assumed to exist
P4,12,1208,P4-1208,flat,,ASSUMED_NOT_VERIFIED,GENERATED FROM ASSUMPTION - not seen in any screenshot
P4,13,1301,P4-1301,flat,,ASSUMED_NOT_VERIFIED,GENERATED FROM ASSUMPTION - not seen in any screenshot
P4,13,1302,P4-1302,flat,,ASSUMED_NOT_VERIFIED,GENERATED FROM ASSUMPTION - not seen in any screenshot
P4,13,1303,P4-1303,flat,,ASSUMED_NOT_VERIFIED,GENERATED FROM ASSUMPTION - not seen in any screenshot
P4,13,1304,P4-1304,flat,,ASSUMED_NOT_VERIFIED,GENERATED FROM ASSUMPTION - not seen in any screenshot
P4,13,1305,P4-1305,flat,,ASSUMED_NOT_VERIFIED,GENERATED FROM ASSUMPTION - not seen in any screenshot
P4,13,1306,P4-1306,flat,,ASSUMED_NOT_VERIFIED,GENERATED FROM ASSUMPTION - not seen in any screenshot
P4,13,1307,P4-1307,flat,,ASSUMED_NOT_VERIFIED,X07 hidden in picker (as in P1) - assumed to exist
P4,13,1308,P4-1308,flat,,ASSUMED_NOT_VERIFIED,GENERATED FROM ASSUMPTION - not seen in any screenshot
P4,14,1401,P4-1401,flat,,ASSUMED_NOT_VERIFIED,GENERATED FROM ASSUMPTION - not seen in any screenshot
P4,14,1402,P4-1402,flat,,ASSUMED_NOT_VERIFIED,GENERATED FROM ASSUMPTION - not seen in any screenshot
P4,14,1403,P4-1403,flat,,ASSUMED_NOT_VERIFIED,GENERATED FROM ASSUMPTION - not seen in any screenshot
P4,14,1404,P4-1404,flat,,ASSUMED_NOT_VERIFIED,GENERATED FROM ASSUMPTION - not seen in any screenshot
P4,14,1405,P4-1405,flat,,ASSUMED_NOT_VERIFIED,GENERATED FROM ASSUMPTION - not seen in any screenshot
P4,14,1406,P4-1406,flat,,ASSUMED_NOT_VERIFIED,GENERATED FROM ASSUMPTION - not seen in any screenshot
P4,14,1407,P4-1407,flat,,ASSUMED_NOT_VERIFIED,X07 hidden in picker (as in P1) - assumed to exist
P4,14,1408,P4-1408,flat,,ASSUMED_NOT_VERIFIED,GENERATED FROM ASSUMPTION - not seen in any screenshot
P4,15,1501,P4-1501,flat,,ASSUMED_NOT_VERIFIED,GENERATED FROM ASSUMPTION - not seen in any screenshot
P4,15,1502,P4-1502,flat,,ASSUMED_NOT_VERIFIED,GENERATED FROM ASSUMPTION - not seen in any screenshot
P4,15,1503,P4-1503,flat,,ASSUMED_NOT_VERIFIED,GENERATED FROM ASSUMPTION - not seen in any screenshot
P4,15,1504,P4-1504,flat,,ASSUMED_NOT_VERIFIED,GENERATED FROM ASSUMPTION - not seen in any screenshot
P4,15,1505,P4-1505,flat,,ASSUMED_NOT_VERIFIED,GENERATED FROM ASSUMPTION - not seen in any screenshot
P4,15,1506,P4-1506,flat,,ASSUMED_NOT_VERIFIED,GENERATED FROM ASSUMPTION - not seen in any screenshot
P4,15,1507,P4-1507,flat,,ASSUMED_NOT_VERIFIED,X07 hidden in picker (as in P1) - assumed to exist
P4,15,1508,P4-1508,flat,,ASSUMED_NOT_VERIFIED,GENERATED FROM ASSUMPTION - not seen in any screenshot
P4,16,1601,P4-1601,flat,,ASSUMED_NOT_VERIFIED,GENERATED FROM ASSUMPTION - not seen in any screenshot
P4,16,1602,P4-1602,flat,,ASSUMED_NOT_VERIFIED,GENERATED FROM ASSUMPTION - not seen in any screenshot
P4,16,1603,P4-1603,flat,,ASSUMED_NOT_VERIFIED,GENERATED FROM ASSUMPTION - not seen in any screenshot
P4,16,1604,P4-1604,flat,,ASSUMED_NOT_VERIFIED,GENERATED FROM ASSUMPTION - not seen in any screenshot
P4,16,1605,P4-1605,flat,,ASSUMED_NOT_VERIFIED,GENERATED FROM ASSUMPTION - not seen in any screenshot
P4,16,1606,P4-1606,flat,,ASSUMED_NOT_VERIFIED,GENERATED FROM ASSUMPTION - not seen in any screenshot
P4,16,1607,P4-1607,flat,,ASSUMED_NOT_VERIFIED,X07 hidden in picker (as in P1) - assumed to exist
P4,16,1608,P4-1608,flat,,ASSUMED_NOT_VERIFIED,GENERATED FROM ASSUMPTION - not seen in any screenshot
P4,17,1701,P4-1701,flat,,ASSUMED_NOT_VERIFIED,GENERATED FROM ASSUMPTION - not seen in any screenshot
P4,17,1702,P4-1702,flat,,ASSUMED_NOT_VERIFIED,GENERATED FROM ASSUMPTION - not seen in any screenshot
P4,17,1703,P4-1703,flat,,ASSUMED_NOT_VERIFIED,GENERATED FROM ASSUMPTION - not seen in any screenshot
P4,17,1704,P4-1704,flat,,ASSUMED_NOT_VERIFIED,GENERATED FROM ASSUMPTION - not seen in any screenshot
P4,17,1705,P4-1705,flat,,ASSUMED_NOT_VERIFIED,GENERATED FROM ASSUMPTION - not seen in any screenshot
P4,17,1706,P4-1706,flat,,ASSUMED_NOT_VERIFIED,GENERATED FROM ASSUMPTION - not seen in any screenshot
P4,17,1707,P4-1707,flat,,ASSUMED_NOT_VERIFIED,X07 hidden in picker (as in P1) - assumed to exist
P4,17,1708,P4-1708,flat,,ASSUMED_NOT_VERIFIED,GENERATED FROM ASSUMPTION - not seen in any screenshot
P4,18,1801,P4-1801,flat,,ASSUMED_NOT_VERIFIED,GENERATED FROM ASSUMPTION - not seen in any screenshot
P4,18,1802,P4-1802,flat,,ASSUMED_NOT_VERIFIED,GENERATED FROM ASSUMPTION - not seen in any screenshot
P4,18,1803,P4-1803,flat,,ASSUMED_NOT_VERIFIED,GENERATED FROM ASSUMPTION - not seen in any screenshot
P4,18,1804,P4-1804,flat,,ASSUMED_NOT_VERIFIED,GENERATED FROM ASSUMPTION - not seen in any screenshot
P4,18,1805,P4-1805,flat,,ASSUMED_NOT_VERIFIED,GENERATED FROM ASSUMPTION - not seen in any screenshot
P4,18,1806,P4-1806,flat,,ASSUMED_NOT_VERIFIED,GENERATED FROM ASSUMPTION - not seen in any screenshot
P4,18,1807,P4-1807,flat,,ASSUMED_NOT_VERIFIED,X07 hidden in picker (as in P1) - assumed to exist
P4,18,1808,P4-1808,flat,,ASSUMED_NOT_VERIFIED,GENERATED FROM ASSUMPTION - not seen in any screenshot
